{
  "kind": "collectionType",
  "collectionName": "cars",
  "info": {
    "singularName": "car",
    "pluralName": "cars",
    "displayName": "car",
    "description": ""
  },
  "options": {
    "draftAndPublish": true
  },
  "pluginOptions": {},
  "attributes": {
    "CarMake": {
      "type": "enumeration",
      "enum": [
        "Toyota",
        "Honda",
        "Ford",
        "Tata",
        "Nissan",
        "Volvo",
        "Mercedes Benz",
        "Lexus",
        "Range Rover",
        "Hyundai"
      ]
    },
    "CarModel": {
      "type": "string"
    },
    "YearOfManufacture": {
      "type": "date"
    },
    "CarImage": {
      "type": "media",
      "multiple": true,
      "required": false,
      "allowedTypes": [
        "images",
        "files",
        "videos",
        "audios"
      ]
    },
    "Description": {
      "type": "richtext"
    },
    "Price": {
      "type": "biginteger"
    },
    "Mileage": {
      "type": "decimal"
    },
    "EngineType": {
      "type": "enumeration",
      "enum": [
        "V6",
        "Hybrid",
        "Electric"
      ]
    },
    "FuelType": {
      "type": "enumeration",
      "enum": [
        "Gasoline",
        "Diesel",
        "Electric"
      ]
    },
    "TransmissionType": {
      "type": "enumeration",
      "enum": [
        "Automatic",
        "Manual"
      ]
    },
    "safety": {
      "type": "decimal"
    },
    "AssociatedReview": {
      "type": "relation",
      "relation": "oneToOne",
      "target": "api::review.review",
      "inversedBy": "car"
    }
  }
}
