{
  "kind": "collectionType",
  "collectionName": "reviews",
  "info": {
    "singularName": "review",
    "pluralName": "reviews",
    "displayName": "review",
    "description": ""
  },
  "options": {
    "draftAndPublish": true
  },
  "pluginOptions": {},
  "attributes": {
    "Title": {
      "type": "string"
    },
    "Author": {
      "type": "relation",
      "relation": "oneToOne",
      "target": "admin::user"
    },
    "Rating": {
      "type": "integer"
    },
    "Review": {
      "type": "richtext"
    },
    "Published": {
      "type": "date"
    },
    "AssociatedCar": {
      "type": "relation",
      "relation": "oneToOne",
      "target": "api::car.car"
    },
    "AssociatedCategory": {
      "type": "relation",
      "relation": "oneToOne",
      "target": "api::category.category"
    },
    "ReviewImages": {
      "type": "media",
      "multiple": true,
      "required": false,
      "allowedTypes": [
        "images",
        "files",
        "videos",
        "audios"
      ]
    },
    "Pros": {
      "type": "richtext"
    },
    "Cons": {
      "type": "richtext"
    },
    "car": {
      "type": "relation",
      "relation": "oneToOne",
      "target": "api::car.car",
      "mappedBy": "AssociatedReview"
    }
  }
}
